﻿<rss xmlns:content="http://purl.org/rss/1.0/modules/content/" xmlns:wfw="http://wellformedweb.org/CommentAPI/" xmlns:dc="http://purl.org/dc/elements/1.1/" xmlns:atom="http://www.w3.org/2005/Atom" version="2.0">
  <channel>
    <title>Javascript, HTML5, jQuery Widgets » All Posts</title>
    <atom:link href="http://www.jqwidgets.com/community/feed" rel="self" type="application/rss+xml"/>
    <link>http://www.jqwidgets.com/community/feed</link>
    <description/>
    <pubDate/>
    <generator>http://bbpress.org/?v=2.0</generator>
    <language>en</language>
    <item>
      <guid>
        http://www.jqwidgets.com/community/topic/combobox-autocomplete-type/#post-1451
      </guid>
      <title>
        <![CDATA[ Reply To: ComboBox autocomplete type ]]>
      </title>
      <link>
        http://www.jqwidgets.com/community/topic/combobox-autocomplete-type/#post-1451
      </link>
      <pubDate>Wed, 21 Dec 2011 10:13:10 +0000</pubDate>
      <dc:creator>support</dc:creator>
      <description>
        <![CDATA[
<p>Hi sushant,</p> <p>You can use the &#8216;searchmode&#8217; property.</p> <p>For example:</p> <pre style='width: 740px;margin: 5px;padding: 5px'>$(<span style="clear: both;padding: 0px;margin: 0px;color: #a24">"#jqxComboBox"</span>).jqxComboBox({ searchmode: <span style="clear: both;padding: 0px;margin: 0px;color: #a24">'contains'</span>}); <div /> <div /></pre> <p>See the &#8216;searchmode&#8217; possible values: <a href="http://www.jqwidgets.com/jquery-widgets-documentation/documentation/jqxcombobox/jquery-combobox-api.htm">combobox api</a></p> <p>Best Regards,<br /> Peter Stoev</p> <p>jQWidgets Team<br /> <a title="http://www.jqwidgets.com" href="http://www.jqwidgets.com">http://www.jqwidgets.com</a></p>
]]>
      </description>
    </item>
    <item>
      <guid>
        http://www.jqwidgets.com/community/topic/combobox-autocomplete-type/#post-1438
      </guid>
      <title>
        <![CDATA[ ComboBox autocomplete type ]]>
      </title>
      <link>
        http://www.jqwidgets.com/community/topic/combobox-autocomplete-type/#post-1438
      </link>
      <pubDate>Tue, 20 Dec 2011 05:38:50 +0000</pubDate>
      <dc:creator>sushant</dc:creator>
      <description>
        <![CDATA[
<p>Is it possible to change the ComboBox&#8217;s auto complete type?</p>
]]>
      </description>
    </item>
    <item>
      <guid>
        http://www.jqwidgets.com/community/topic/checkbox-null-state/#post-1437
      </guid>
      <title>
        <![CDATA[ CheckBox Null State ]]>
      </title>
      <link>
        http://www.jqwidgets.com/community/topic/checkbox-null-state/#post-1437
      </link>
      <pubDate>Tue, 20 Dec 2011 05:36:44 +0000</pubDate>
      <dc:creator>ijekov</dc:creator>
      <description>
        <![CDATA[
<p>I saw in your demo that the checkbox has null state. How to set its value to null and then disable the user input?</p>
]]>
      </description>
    </item>
    <item>
      <guid>
        http://www.jqwidgets.com/community/topic/valuechanged-event-2/#post-1427
      </guid>
      <title>
        <![CDATA[ Reply To: valuechanged event? ]]>
      </title>
      <link>
        http://www.jqwidgets.com/community/topic/valuechanged-event-2/#post-1427
      </link>
      <pubDate>Mon, 19 Dec 2011 05:48:14 +0000</pubDate>
      <dc:creator>shmouela</dc:creator>
      <description>
        <![CDATA[ <p>Thanks, Peter.</p> ]]>
      </description>
    </item>
    <item>
      <guid>
        http://www.jqwidgets.com/community/topic/1402/#post-1414
      </guid>
      <title>
        <![CDATA[ Reply To: Tab’s content scrollbar ]]>
      </title>
      <link>
        http://www.jqwidgets.com/community/topic/1402/#post-1414
      </link>
      <pubDate>Sat, 17 Dec 2011 07:16:48 +0000</pubDate>
      <dc:creator>rafi</dc:creator>
      <description>
        <![CDATA[
<p>You can add the jqxPanel in the tabs content and then add your content into the jqxPanel.</p>
]]>
      </description>
    </item>
    <item>
      <guid>
        http://www.jqwidgets.com/community/topic/valuechanged-event-2/#post-1407
      </guid>
      <title>
        <![CDATA[ Reply To: valuechanged event? ]]>
      </title>
      <link>
        http://www.jqwidgets.com/community/topic/valuechanged-event-2/#post-1407
      </link>
      <pubDate>Fri, 16 Dec 2011 07:32:03 +0000</pubDate>
      <dc:creator>Peter Stoev</dc:creator>
      <description>
        <![CDATA[
<p>Hi shmouela,</p> <p>Thank you for the feedback.</p> <p>We confirm the reported issue and we will do our best to fix it for the next release of jQWidgets which is expected on 19/12/2011. There&#8217;s no workaround with the current version, but I will update this thread and also send you an e-mail when the release is available for download.</p> <p>Best Wishes,<br /> Peter Stoev</p> <p>jQWidgets Team<br /> <a href="http://www.jqwidgets.com">http://www.jqwidgets.com</a></p>
]]>
      </description>
    </item>
    <item>
      <guid>
        http://www.jqwidgets.com/community/topic/today-date/#post-1406
      </guid>
      <title>
        <![CDATA[ Reply To: today date ]]>
      </title>
      <link>
        http://www.jqwidgets.com/community/topic/today-date/#post-1406
      </link>
      <pubDate>Fri, 16 Dec 2011 07:27:43 +0000</pubDate>
      <dc:creator>Peter Stoev</dc:creator>
      <description>
        <![CDATA[
<p>Hi shmouela,</p> <p>You can use the following script as a solution:</p> <pre style='width: 740px;margin: 5px;padding: 5px'>$(<span style="clear: both;padding: 0px;margin: 0px;color: #a24">"#jqxCalendar"</span>).jqxCalendar(<span style="clear: both;padding: 0px;margin: 0px;color: #a24">'setDate'</span>, new Date()); <div /></pre> <p>Best Regards,<br /> Peter Stoev</p> <p>jQWidgets Team<br /> <a href="http://www.jqwidgets.com">http://www.jqwidgets.com</a></p>
]]>
      </description>
    </item>
    <item>
      <guid>
        http://www.jqwidgets.com/community/topic/1402/#post-1402
      </guid>
      <title>
        <![CDATA[ Tab&#8217;s content scrollbar ]]>
      </title>
      <link>
        http://www.jqwidgets.com/community/topic/1402/#post-1402
      </link>
      <pubDate>Wed, 14 Dec 2011 16:19:11 +0000</pubDate>
      <dc:creator>billy</dc:creator>
      <description>
        <![CDATA[
<p>Hi,</p> <p>I&#8217;m using your tabs widget but when the content is with bigger height than the tab&#8217;s content the default browser scrollbar is displaying. I want to change it and use yours. How to do this?!</p> <p>Best wishes,</p> <p>Bill.</p>
]]>
      </description>
    </item>
    <item>
      <guid>
        http://www.jqwidgets.com/community/topic/today-date/#post-1389
      </guid>
      <title>
        <![CDATA[ today date ]]>
      </title>
      <link>
        http://www.jqwidgets.com/community/topic/today-date/#post-1389
      </link>
      <pubDate>Wed, 14 Dec 2011 10:47:14 +0000</pubDate>
      <dc:creator>shmouela</dc:creator>
      <description>
        <![CDATA[
<p>what i need to do to navigate to Today&#8217;s date in the calendar?</p>
]]>
      </description>
    </item>
    <item>
      <guid>
        http://www.jqwidgets.com/community/topic/valuechanged-event-2/#post-1388
      </guid>
      <title>
        <![CDATA[ valuechanged event? ]]>
      </title>
      <link>
        http://www.jqwidgets.com/community/topic/valuechanged-event-2/#post-1388
      </link>
      <pubDate>Wed, 14 Dec 2011 10:40:59 +0000</pubDate>
      <dc:creator>shmouela</dc:creator>
      <description>
        <![CDATA[
<p>valuechanged event is not working when using keyboard arrows. It is ok when I type into the textbox or pick a date from the calendar. How to fix this?</p>
]]>
      </description>
    </item>
    <item>
      <guid>
        http://www.jqwidgets.com/community/topic/anchor-tag-in-header/#post-1387
      </guid>
      <title>
        <![CDATA[ Reply To: Anchor Tag in Header ]]>
      </title>
      <link>
        http://www.jqwidgets.com/community/topic/anchor-tag-in-header/#post-1387
      </link>
      <pubDate>Tue, 13 Dec 2011 16:13:05 +0000</pubDate>
      <dc:creator>support</dc:creator>
      <description>
        <![CDATA[
<p>Hi ijekov,</p> <p>This issue was actually already fixed in the latest release. If you are not using jQWidgets 1.2.1, then could you upgrade to it and try to reproduce again? </p> <p>Best Regards,<br /> Peter Stoev</p> <p>jQWidgets Team<br /> <a title="http://www.jqwidgets.com" href="http://www.jqwidgets.com">http://www.jqwidgets.com</a></p>
]]>
      </description>
    </item>
    <item>
      <guid>
        http://www.jqwidgets.com/community/topic/anchor-tag-in-header/#post-1370
      </guid>
      <title>
        <![CDATA[ Anchor Tag in Header ]]>
      </title>
      <link>
        http://www.jqwidgets.com/community/topic/anchor-tag-in-header/#post-1370
      </link>
      <pubDate>Mon, 12 Dec 2011 05:59:52 +0000</pubDate>
      <dc:creator>ijekov</dc:creator>
      <description>
        <![CDATA[
<p>I have a link <pre style='width: 740px;margin: 5px;padding: 5px'><span style="clear: both;padding: 0px;margin: 0px;color: #11a">&lt;a href&gt;</span> <div /></pre> <p> tag in the header. This link, when clicked, will load a new page. However, if the toggleMode is &#8220;click&#8221; (default), my link in the header won&#8217;t be activate.</p> <p>The desired behavior is to click on the arrow the the right of the header to toggle the expand/collapse mode. How can I do that?</p>
]]>
      </description>
    </item>
    <item>
      <guid>
        http://www.jqwidgets.com/community/topic/subdue-lists/#post-1367
      </guid>
      <title>
        <![CDATA[ Reply To: subdue lists? ]]>
      </title>
      <link>
        http://www.jqwidgets.com/community/topic/subdue-lists/#post-1367
      </link>
      <pubDate>Wed, 07 Dec 2011 14:42:11 +0000</pubDate>
      <dc:creator>Peter Stoev</dc:creator>
      <description>
        <![CDATA[
<p>Hi mmorgan,</p> <p>I suppose that you can solve this by setting the style=&#8221;visibility: hidden;&#8221; to the container DIV element of the Menu in your HTML markup. Then after initializing the jqxMenu, set the visibility back to &#8216;visible&#8217;</p> <p>Hope this helps you.</p> <p>Best Regards,<br /> Peter Stoev</p> <p>jQWidgets Team<br /> <a title="http://www.jqwidgets.com" href="http://www.jqwidgets.com">http://www.jqwidgets.com</a></p>
]]>
      </description>
    </item>
    <item>
      <guid>
        http://www.jqwidgets.com/community/topic/dropdown-height/#post-1335
      </guid>
      <title>
        <![CDATA[ Reply To: DropDown Height? ]]>
      </title>
      <link>
        http://www.jqwidgets.com/community/topic/dropdown-height/#post-1335
      </link>
      <pubDate>Tue, 06 Dec 2011 20:09:27 +0000</pubDate>
      <dc:creator>support</dc:creator>
      <description>
        <![CDATA[
<p>Hi rafi,</p> <p>To change the popup listbox&#8217;s height, you can use the dropDownHeight property.</p> <p>Code example:</p> <pre style='width: 740px;margin: 5px;padding: 5px'>$(<span style="clear: both;padding: 0px;margin: 0px;color: #a24">"#jqxdropdownlist"</span>).jqxDropDownList({ dropDownHeight: 250 }); <div /> <div /></pre> <p>Best Regards,<br /> Peter Stoev</p> <p>jQWidgets Team<br /> <a title="http://www.jqwidgets.com" href="http://www.jqwidgets.com">http://www.jqwidgets.com</a></p>
]]>
      </description>
    </item>
    <item>
      <guid>
        http://www.jqwidgets.com/community/topic/subdue-lists/#post-1334
      </guid>
      <title>
        <![CDATA[ subdue lists? ]]>
      </title>
      <link>
        http://www.jqwidgets.com/community/topic/subdue-lists/#post-1334
      </link>
      <pubDate>Tue, 06 Dec 2011 14:05:20 +0000</pubDate>
      <dc:creator>mmorgan</dc:creator>
      <description>
        <![CDATA[
<p>Adding this menu to a large (bloated) cms and I am having a problem where the unordered lists are displaying for a period of time before the CSS kicks in. Is there a way to subdue the lists until the pages is finished loading?</p>
]]>
      </description>
    </item>
    <item>
      <guid>
        http://www.jqwidgets.com/community/topic/open-direction/#post-1328
      </guid>
      <title>
        <![CDATA[ Reply To: Open direction ]]>
      </title>
      <link>
        http://www.jqwidgets.com/community/topic/open-direction/#post-1328
      </link>
      <pubDate>Mon, 05 Dec 2011 20:31:12 +0000</pubDate>
      <dc:creator>support</dc:creator>
      <description>
        <![CDATA[
<p>Hi mmorgan,</p> <p>We have debugged the reported issue and we confirm it. It is related to the showTopLevelArrows option of the jqxMenu. </p> <p>Demo: <a href="http://jqwidgets.com/Support/javascript-menu-open-direction/jquery-menu-open-direction.htm">jquery-menu-open-direction.htm</a></p> <p>Download Project: <a href="http://jqwidgets.com/Support/javascript-menu-open-direction/jquery-menu-open-direction.zip">jquery-menu-open-direction.zip</a></p> <p>Best Regards,<br /> Peter Stoev</p> <p>jQWidgets Team<br /> <a title="http://www.jqwidgets.com" href="http://www.jqwidgets.com">http://www.jqwidgets.com</a></p>
]]>
      </description>
    </item>
    <item>
      <guid>
        http://www.jqwidgets.com/community/topic/open-direction/#post-1327
      </guid>
      <title>
        <![CDATA[ Open direction ]]>
      </title>
      <link>
        http://www.jqwidgets.com/community/topic/open-direction/#post-1327
      </link>
      <pubDate>Mon, 05 Dec 2011 19:32:41 +0000</pubDate>
      <dc:creator>mmorgan</dc:creator>
      <description>
        <![CDATA[
<p>I have 2 menus items that I want to open left and down. But only the first one is working. Even though the code is the same. Any ideas?</p> <p>Here is my call:</p> <p> $(document).ready(function () {<br /> // Create a jqxMenu<br /> $(&#8220;#jqxMenu&#8221;).jqxMenu({ width: &#8217;960&#8242;, height: &#8217;30px&#8217;, autoOpen: true, autoCloseOnMouseLeave: true, showTopLevelArrows: false, theme: &#8216;darkblue&#8217; });<br /> // Set up the open directions.<br /> $(&#8220;#jqxMenu&#8221;).jqxMenu(&#8216;setItemOpenDirection&#8217;, &#8216;Resources&#8217;, &#8216;left&#8217;, &#8216;down&#8217;);<br /> $(&#8220;#jqxMenu&#8221;).jqxMenu(&#8216;setItemOpenDirection&#8217;, &#8216;ManagerCenter&#8217;, &#8216;left&#8217;, &#8216;down&#8217;);<br /> });</p>
]]>
      </description>
    </item>
    <item>
      <guid>
        http://www.jqwidgets.com/community/topic/dropdown-height/#post-1316
      </guid>
      <title>
        <![CDATA[ DropDown Height? ]]>
      </title>
      <link>
        http://www.jqwidgets.com/community/topic/dropdown-height/#post-1316
      </link>
      <pubDate>Mon, 05 Dec 2011 06:05:42 +0000</pubDate>
      <dc:creator>rafi</dc:creator>
      <description>
        <![CDATA[
<p>It seems that there&#8217;s some default height of the dropdownlist&#8217;s popup. What should I do to change it?</p>
]]>
      </description>
    </item>
    <item>
      <guid>
        http://www.jqwidgets.com/community/topic/mega-menu-style/#post-1314
      </guid>
      <title>
        <![CDATA[ Reply To: mega menu style? ]]>
      </title>
      <link>
        http://www.jqwidgets.com/community/topic/mega-menu-style/#post-1314
      </link>
      <pubDate>Fri, 02 Dec 2011 05:58:45 +0000</pubDate>
      <dc:creator>support</dc:creator>
      <description>
        <![CDATA[
<p>Hi mmorgan,</p> <p>Thank you for your interest in our products.</p> <p>Unfortunately, mega-menu scenarios are not supported by jqxMenu. These menus are usually using DIV elements for the drop down contents instead of UL. We will definitely implement such mega menu widget in a future version of our suite and it will be implemented as a separate menu widget. We will keep this thread updated with information about this widget.</p> <p>Best Regards,<br /> Peter Stoev</p> <p>jQWidgets Team<br /> <a href="www.jqwidgets.com">http://www.jqwidgets.com</a></p>
]]>
      </description>
    </item>
    <item>
      <guid>
        http://www.jqwidgets.com/community/topic/mega-menu-style/#post-1310
      </guid>
      <title>
        <![CDATA[ mega menu style? ]]>
      </title>
      <link>
        http://www.jqwidgets.com/community/topic/mega-menu-style/#post-1310
      </link>
      <pubDate>Thu, 01 Dec 2011 14:20:00 +0000</pubDate>
      <dc:creator>mmorgan</dc:creator>
      <description>
        <![CDATA[
<p>I wanted to create a dropdown that is 100% width of the overall menu. Like you see in the popular mega menus. Is this possible? I&#8217;ve only seen documentation on how to set the dropdown to a certain width and then set the opening direction.</p>
]]>
      </description>
    </item>
    <item>
      <guid>
        http://www.jqwidgets.com/community/topic/trying-jqxwindows/#post-1307
      </guid>
      <title>
        <![CDATA[ Reply To: trying jqxWindows ]]>
      </title>
      <link>
        http://www.jqwidgets.com/community/topic/trying-jqxwindows/#post-1307
      </link>
      <pubDate>Wed, 30 Nov 2011 13:38:28 +0000</pubDate>
      <dc:creator>Peter Stoev</dc:creator>
      <description>
        <![CDATA[
<p>Hi Mab,</p> <p>The jqxWindow is included in the jQWidgets Professional package which you can download from <a href="http://www.jqwidgets.com/download" rel="nofollow">http://www.jqwidgets.com/download</a>. Click the &#8216;Download jQWidgets Professional&#8217; button. After clicking the button, you will see a window with input fields. Type your &#8216;First Name, Last Name and valid E-mail&#8217;. The other input fields are optional. Finally, click the Download button and that&#8217;s all.</p> <p>Best Wishes,<br /> Peter Stoev</p> <p>jQWidgets Team<br /> <a title="http://www.jqwidgets.com" href="http://www.jqwidgets.com">http://www.jqwidgets.com</a></p>
]]>
      </description>
    </item>
    <item>
      <guid>
        http://www.jqwidgets.com/community/topic/trying-jqxwindows/#post-1306
      </guid>
      <title>
        <![CDATA[ trying jqxWindows ]]>
      </title>
      <link>
        http://www.jqwidgets.com/community/topic/trying-jqxwindows/#post-1306
      </link>
      <pubDate>Wed, 30 Nov 2011 13:08:55 +0000</pubDate>
      <dc:creator>mbraganca</dc:creator>
      <description>
        <![CDATA[
<p>The lite version of your donload package does not include jqxWindows&#8230;</p> <p>How can I get a copy to evaluation?</p> <p>MAB</p>
]]>
      </description>
    </item>
    <item>
      <guid>
        http://www.jqwidgets.com/community/topic/wrong-style-for-hovered-with/#post-1305
      </guid>
      <title>
        <![CDATA[ Reply To: Wrong style for hovered with ]]>
      </title>
      <link>
        http://www.jqwidgets.com/community/topic/wrong-style-for-hovered-with/#post-1305
      </link>
      <pubDate>Wed, 30 Nov 2011 05:40:59 +0000</pubDate>
      <dc:creator>Peter Stoev</dc:creator>
      <description>
        <![CDATA[
<p>Hi lukes,</p> <p>jqxMenu has an option to try to vertically align the top-level menu items depending on their content by adding top and bottom padding. You can disable this built-in feature by setting the autoSizeMainItems property to false. Hope this information helps you.</p> <p>Best Regards,<br /> Peter Stoev</p> <p>jQWidgets Team<br /> <a href="http://www.jqwidgets.com">http://www.jqwidgets.com</a></p>
]]>
      </description>
    </item>
    <item>
      <guid>
        http://www.jqwidgets.com/community/topic/expanding-horizontally/#post-1302
      </guid>
      <title>
        <![CDATA[ Reply To: expanding … horizontally ]]>
      </title>
      <link>
        http://www.jqwidgets.com/community/topic/expanding-horizontally/#post-1302
      </link>
      <pubDate>Tue, 29 Nov 2011 10:01:27 +0000</pubDate>
      <dc:creator>Peter Stoev</dc:creator>
      <description>
        <![CDATA[
<p>Hi leopoldo,</p> <p>Thank you for your interest in our product.</p> <p>Unfortunately, we do not have a widget that expands from left or from right. One of the reasons about this is that the text rotation and objects rotation at all is not compatible in all browsers that we support. However, we will consider implementing such widget in a future version of jQWidgets. You can also keep an eye on our <a href="http://www.jqwidgets.com/roadmap" rel="nofollow">http://www.jqwidgets.com/roadmap</a>.</p> <p>Best Regards,<br /> Peter Stoev</p> <p>jQWidgets Team<br /> <a href="http://www.jqwidgets.com">http://www.jqwidgets.com</a></p>
]]>
      </description>
    </item>
    <item>
      <guid>
        http://www.jqwidgets.com/community/topic/wrong-style-for-hovered-with/#post-1285
      </guid>
      <title>
        <![CDATA[ Reply To: Wrong style for hovered with ]]>
      </title>
      <link>
        http://www.jqwidgets.com/community/topic/wrong-style-for-hovered-with/#post-1285
      </link>
      <pubDate>Mon, 28 Nov 2011 23:20:36 +0000</pubDate>
      <dc:creator>lukes</dc:creator>
      <description>
        <![CDATA[
<p>Unless, it is not a bug, but this is how it supposed to work.</p>
]]>
      </description>
    </item>
  </channel>
</rss>