<DATA>

	<ROW>
		<ProductID>72</ProductID>
		<SupplierName>Formaggi Fortini s.r.l.</SupplierName>
		<Quantity>24 - 200 g pkgs.</Quantity>
		<Freight>32.3800</Freight>
		<OrderDate>1996-07-04 00:00:00</OrderDate>
		<OrderAddress>59 rue de l-Abbaye</OrderAddress>
		<Price>34.8000</Price>
		<City>Ravenna</City>
		<Address>Viale Dante, 75</Address>
		<ProductName>Mozzarella di Giovanni</ProductName>
	</ROW>

	<ROW>
		<ProductID>42</ProductID>
		<SupplierName>Leka Trading</SupplierName>
		<Quantity>32 - 1 kg pkgs.</Quantity>
		<Freight>32.3800</Freight>
		<OrderDate>1996-07-04 00:00:00</OrderDate>
		<OrderAddress>59 rue de l-Abbaye</OrderAddress>
		<Price>14.0000</Price>
		<City>Singapore</City>
		<Address>471 Serangoon Loop, Suite #402</Address>
		<ProductName>Singaporean Hokkien Fried Mee</ProductName>
	</ROW>

	<ROW>
		<ProductID>11</ProductID>
		<SupplierName>Cooperativa de Quesos &#39;Las Cabras&#39;</SupplierName>
		<Quantity>1 kg pkg.</Quantity>
		<Freight>32.3800</Freight>
		<OrderDate>1996-07-04 00:00:00</OrderDate>
		<OrderAddress>59 rue de l-Abbaye</OrderAddress>
		<Price>21.0000</Price>
		<City>Oviedo</City>
		<Address>Calle del Rosal 4</Address>
		<ProductName>Queso Cabrales</ProductName>
	</ROW>

	<ROW>
		<ProductID>51</ProductID>
		<SupplierName>G&#39;day, Mate</SupplierName>
		<Quantity>50 - 300 g pkgs.</Quantity>
		<Freight>11.6100</Freight>
		<OrderDate>1996-07-05 00:00:00</OrderDate>
		<OrderAddress>Luisenstr. 48</OrderAddress>
		<Price>53.0000</Price>
		<City>Sydney</City>
		<Address>170 Prince Edward Parade
Hunter&#39;s Hill</Address>
		<ProductName>Manjimup Dried Apples</ProductName>
	</ROW>

	<ROW>
		<ProductID>14</ProductID>
		<SupplierName>Mayumi&#39;s</SupplierName>
		<Quantity>40 - 100 g pkgs.</Quantity>
		<Freight>11.6100</Freight>
		<OrderDate>1996-07-05 00:00:00</OrderDate>
		<OrderAddress>Luisenstr. 48</OrderAddress>
		<Price>23.2500</Price>
		<City>Osaka</City>
		<Address>92 Setsuko
Chuo-ku</Address>
		<ProductName>Tofu</ProductName>
	</ROW>

	<ROW>
		<ProductID>22</ProductID>
		<SupplierName>PB Knckebrd AB</SupplierName>
		<Quantity>24 - 500 g pkgs.</Quantity>
		<Freight>41.3400</Freight>
		<OrderDate>1996-07-08 00:00:00</OrderDate>
		<OrderAddress>2, rue du Commerce</OrderAddress>
		<Price>21.0000</Price>
		<City>Gteborg</City>
		<Address>Kaloadagatan 13</Address>
		<ProductName>Gustaf&#39;s Knckebrd</ProductName>
	</ROW>

	<ROW>
		<ProductID>51</ProductID>
		<SupplierName>G&#39;day, Mate</SupplierName>
		<Quantity>50 - 300 g pkgs.</Quantity>
		<Freight>65.8300</Freight>
		<OrderDate>1996-07-08 00:00:00</OrderDate>
		<OrderAddress>Rua do Pao, 67</OrderAddress>
		<Price>53.0000</Price>
		<City>Sydney</City>
		<Address>170 Prince Edward Parade
Hunter&#39;s Hill</Address>
		<ProductName>Manjimup Dried Apples</ProductName>
	</ROW>

	<ROW>
		<ProductID>57</ProductID>
		<SupplierName>Pasta Buttini s.r.l.</SupplierName>
		<Quantity>24 - 250 g pkgs.</Quantity>
		<Freight>41.3400</Freight>
		<OrderDate>1996-07-08 00:00:00</OrderDate>
		<OrderAddress>2, rue du Commerce</OrderAddress>
		<Price>19.5000</Price>
		<City>Salerno</City>
		<Address>Via dei Gelsomini, 153</Address>
		<ProductName>Ravioli Angelo</ProductName>
	</ROW>

	<ROW>
		<ProductID>65</ProductID>
		<SupplierName>New Orleans Cajun Delights</SupplierName>
		<Quantity>32 - 8 oz bottles</Quantity>
		<Freight>41.3400</Freight>
		<OrderDate>1996-07-08 00:00:00</OrderDate>
		<OrderAddress>2, rue du Commerce</OrderAddress>
		<Price>21.0500</Price>
		<City>New Orleans</City>
		<Address>P.O. Box 78934</Address>
		<ProductName>Louisiana Fiery Hot Pepper Sauce</ProductName>
	</ROW>

	<ROW>
		<ProductID>41</ProductID>
		<SupplierName>New England Seafood Cannery</SupplierName>
		<Quantity>12 - 12 oz cans</Quantity>
		<Freight>65.8300</Freight>
		<OrderDate>1996-07-08 00:00:00</OrderDate>
		<OrderAddress>Rua do Pao, 67</OrderAddress>
		<Price>9.6500</Price>
		<City>Boston</City>
		<Address>Order Processing Dept.
2100 Paul Revere Blvd.</Address>
		<ProductName>Jack&#39;s New England Clam Chowder</ProductName>
	</ROW>

	<ROW>
		<ProductID>65</ProductID>
		<SupplierName>New Orleans Cajun Delights</SupplierName>
		<Quantity>32 - 8 oz bottles</Quantity>
		<Freight>65.8300</Freight>
		<OrderDate>1996-07-08 00:00:00</OrderDate>
		<OrderAddress>Rua do Pao, 67</OrderAddress>
		<Price>21.0500</Price>
		<City>New Orleans</City>
		<Address>P.O. Box 78934</Address>
		<ProductName>Louisiana Fiery Hot Pepper Sauce</ProductName>
	</ROW>

	<ROW>
		<ProductID>20</ProductID>
		<SupplierName>Specialty Biscuits, Ltd.</SupplierName>
		<Quantity>30 gift boxes</Quantity>
		<Freight>51.3000</Freight>
		<OrderDate>1996-07-09 00:00:00</OrderDate>
		<OrderAddress>Boulevard Tirou, 255</OrderAddress>
		<Price>81.0000</Price>
		<City>Manchester</City>
		<Address>29 King&#39;s Way</Address>
		<ProductName>Sir Rodney&#39;s Marmalade</ProductName>
	</ROW>

	<ROW>
		<ProductID>60</ProductID>
		<SupplierName>Gai pturage</SupplierName>
		<Quantity>15 - 300 g rounds</Quantity>
		<Freight>51.3000</Freight>
		<OrderDate>1996-07-09 00:00:00</OrderDate>
		<OrderAddress>Boulevard Tirou, 255</OrderAddress>
		<Price>34.0000</Price>
		<City>Annecy</City>
		<Address>Bat. B
3, rue des Alpes</Address>
		<ProductName>Camembert Pierrot</ProductName>
	</ROW>

	<ROW>
		<ProductID>33</ProductID>
		<SupplierName>Norske Meierier</SupplierName>
		<Quantity>500 g</Quantity>
		<Freight>51.3000</Freight>
		<OrderDate>1996-07-09 00:00:00</OrderDate>
		<OrderAddress>Boulevard Tirou, 255</OrderAddress>
		<Price>2.5000</Price>
		<City>Sandvika</City>
		<Address>Hatlevegen 5</Address>
		<ProductName>Geitost</ProductName>
	</ROW>

	<ROW>
		<ProductID>39</ProductID>
		<SupplierName>Aux joyeux ecclsiastiques</SupplierName>
		<Quantity>750 cc per bottle</Quantity>
		<Freight>58.1700</Freight>
		<OrderDate>1996-07-10 00:00:00</OrderDate>
		<OrderAddress>Rua do Pao, 67</OrderAddress>
		<Price>18.0000</Price>
		<City>Paris</City>
		<Address>203, Rue des Francs-Bourgeois</Address>
		<ProductName>Chartreuse verte</ProductName>
	</ROW>

	<ROW>
		<ProductID>31</ProductID>
		<SupplierName>Formaggi Fortini s.r.l.</SupplierName>
		<Quantity>12 - 100 g pkgs</Quantity>
		<Freight>58.1700</Freight>
		<OrderDate>1996-07-10 00:00:00</OrderDate>
		<OrderAddress>Rua do Pao, 67</OrderAddress>
		<Price>12.5000</Price>
		<City>Ravenna</City>
		<Address>Viale Dante, 75</Address>
		<ProductName>Gorgonzola Telino</ProductName>
	</ROW>

	<ROW>
		<ProductID>49</ProductID>
		<SupplierName>Karkki Oy</SupplierName>
		<Quantity>24 - 50 g pkgs.</Quantity>
		<Freight>58.1700</Freight>
		<OrderDate>1996-07-10 00:00:00</OrderDate>
		<OrderAddress>Rua do Pao, 67</OrderAddress>
		<Price>20.0000</Price>
		<City>Lappeenranta</City>
		<Address>Valtakatu 12</Address>
		<ProductName>Maxilaku</ProductName>
	</ROW>

	<ROW>
		<ProductID>74</ProductID>
		<SupplierName>Tokyo Traders</SupplierName>
		<Quantity>5 kg pkg.</Quantity>
		<Freight>22.9800</Freight>
		<OrderDate>1996-07-11 00:00:00</OrderDate>
		<OrderAddress>Hauptstr. 31</OrderAddress>
		<Price>10.0000</Price>
		<City>Tokyo</City>
		<Address>9-8 Sekimai
Musashino-shi</Address>
		<ProductName>Longlife Tofu</ProductName>
	</ROW>

	<ROW>
		<ProductID>55</ProductID>
		<SupplierName>Ma Maison</SupplierName>
		<Quantity>24 boxes x 2 pies</Quantity>
		<Freight>22.9800</Freight>
		<OrderDate>1996-07-11 00:00:00</OrderDate>
		<OrderAddress>Hauptstr. 31</OrderAddress>
		<Price>24.0000</Price>
		<City>Montral</City>
		<Address>2960 Rue St. Laurent</Address>
		<ProductName>Pt chinois</ProductName>
	</ROW>

	<ROW>
		<ProductID>24</ProductID>
		<SupplierName>Refrescos Americanas LTDA</SupplierName>
		<Quantity>12 - 355 ml cans</Quantity>
		<Freight>22.9800</Freight>
		<OrderDate>1996-07-11 00:00:00</OrderDate>
		<OrderAddress>Hauptstr. 31</OrderAddress>
		<Price>4.5000</Price>
		<City>So Paulo</City>
		<Address>Av. das Americanas 12.890</Address>
		<ProductName>Guaran Fantstica</ProductName>
	</ROW>

	<ROW>
		<ProductID>16</ProductID>
		<SupplierName>Pavlova, Ltd.</SupplierName>
		<Quantity>32 - 500 g boxes</Quantity>
		<Freight>148.3300</Freight>
		<OrderDate>1996-07-12 00:00:00</OrderDate>
		<OrderAddress>Starenweg 5</OrderAddress>
		<Price>17.4500</Price>
		<City>Melbourne</City>
		<Address>74 Rose St.
Moonie Ponds</Address>
		<ProductName>Pavlova</ProductName>
	</ROW>

	<ROW>
		<ProductID>59</ProductID>
		<SupplierName>Gai pturage</SupplierName>
		<Quantity>5 kg pkg.</Quantity>
		<Freight>148.3300</Freight>
		<OrderDate>1996-07-12 00:00:00</OrderDate>
		<OrderAddress>Starenweg 5</OrderAddress>
		<Price>55.0000</Price>
		<City>Annecy</City>
		<Address>Bat. B
3, rue des Alpes</Address>
		<ProductName>Raclette Courdavault</ProductName>
	</ROW>

	<ROW>
		<ProductID>2</ProductID>
		<SupplierName>Exotic Liquids</SupplierName>
		<Quantity>24 - 12 oz bottles</Quantity>
		<Freight>148.3300</Freight>
		<OrderDate>1996-07-12 00:00:00</OrderDate>
		<OrderAddress>Starenweg 5</OrderAddress>
		<Price>19.0000</Price>
		<City>London</City>
		<Address>49 Gilbert St.</Address>
		<ProductName>Chang</ProductName>
	</ROW>

	<ROW>
		<ProductID>36</ProductID>
		<SupplierName>Svensk Sjfda AB</SupplierName>
		<Quantity>24 - 250 g  jars</Quantity>
		<Freight>148.3300</Freight>
		<OrderDate>1996-07-12 00:00:00</OrderDate>
		<OrderAddress>Starenweg 5</OrderAddress>
		<Price>19.0000</Price>
		<City>Stockholm</City>
		<Address>Brovallavgen 231</Address>
		<ProductName>Inlagd Sill</ProductName>
	</ROW>

	<ROW>
		<ProductID>77</ProductID>
		<SupplierName>Plutzer Lebensmittelgromrkte AG</SupplierName>
		<Quantity>12 boxes</Quantity>
		<Freight>13.9700</Freight>
		<OrderDate>1996-07-15 00:00:00</OrderDate>
		<OrderAddress>Rua do Mercado, 12</OrderAddress>
		<Price>13.0000</Price>
		<City>Frankfurt</City>
		<Address>Bogenallee 51</Address>
		<ProductName>Original Frankfurter grne Soe</ProductName>
	</ROW>

	<ROW>
		<ProductID>53</ProductID>
		<SupplierName>G&#39;day, Mate</SupplierName>
		<Quantity>48 pieces</Quantity>
		<Freight>13.9700</Freight>
		<OrderDate>1996-07-15 00:00:00</OrderDate>
		<OrderAddress>Rua do Mercado, 12</OrderAddress>
		<Price>32.8000</Price>
		<City>Sydney</City>
		<Address>170 Prince Edward Parade
Hunter&#39;s Hill</Address>
		<ProductName>Perth Pasties</ProductName>
	</ROW>

	<ROW>
		<ProductID>39</ProductID>
		<SupplierName>Aux joyeux ecclsiastiques</SupplierName>
		<Quantity>750 cc per bottle</Quantity>
		<Freight>81.9100</Freight>
		<OrderDate>1996-07-16 00:00:00</OrderDate>
		<OrderAddress>Carrera 22 con Ave. Carlos Soublette #8-35</OrderAddress>
		<Price>18.0000</Price>
		<City>Paris</City>
		<Address>203, Rue des Francs-Bourgeois</Address>
		<ProductName>Chartreuse verte</ProductName>
	</ROW>

	<ROW>
		<ProductID>77</ProductID>
		<SupplierName>Plutzer Lebensmittelgromrkte AG</SupplierName>
		<Quantity>12 boxes</Quantity>
		<Freight>81.9100</Freight>
		<OrderDate>1996-07-16 00:00:00</OrderDate>
		<OrderAddress>Carrera 22 con Ave. Carlos Soublette #8-35</OrderAddress>
		<Price>13.0000</Price>
		<City>Frankfurt</City>
		<Address>Bogenallee 51</Address>
		<ProductName>Original Frankfurter grne Soe</ProductName>
	</ROW>

	<ROW>
		<ProductID>27</ProductID>
		<SupplierName>Heli Swaren GmbH &amp; Co. KG</SupplierName>
		<Quantity>100 - 100 g pieces</Quantity>
		<Freight>81.9100</Freight>
		<OrderDate>1996-07-16 00:00:00</OrderDate>
		<OrderAddress>Carrera 22 con Ave. Carlos Soublette #8-35</OrderAddress>
		<Price>43.9000</Price>
		<City>Berlin</City>
		<Address>Tiergartenstrae 5</Address>
		<ProductName>Schoggi Schokolade</ProductName>
	</ROW>

	<ROW>
		<ProductID>2</ProductID>
		<SupplierName>Exotic Liquids</SupplierName>
		<Quantity>24 - 12 oz bottles</Quantity>
		<Freight>140.5100</Freight>
		<OrderDate>1996-07-17 00:00:00</OrderDate>
		<OrderAddress>Kirchgasse 6</OrderAddress>
		<Price>19.0000</Price>
		<City>London</City>
		<Address>49 Gilbert St.</Address>
		<ProductName>Chang</ProductName>
	</ROW>

	<ROW>
		<ProductID>32</ProductID>
		<SupplierName>Formaggi Fortini s.r.l.</SupplierName>
		<Quantity>24 - 200 g pkgs.</Quantity>
		<Freight>140.5100</Freight>
		<OrderDate>1996-07-17 00:00:00</OrderDate>
		<OrderAddress>Kirchgasse 6</OrderAddress>
		<Price>32.0000</Price>
		<City>Ravenna</City>
		<Address>Viale Dante, 75</Address>
		<ProductName>Mascarpone Fabioli</ProductName>
	</ROW>

	<ROW>
		<ProductID>5</ProductID>
		<SupplierName>New Orleans Cajun Delights</SupplierName>
		<Quantity>36 boxes</Quantity>
		<Freight>140.5100</Freight>
		<OrderDate>1996-07-17 00:00:00</OrderDate>
		<OrderAddress>Kirchgasse 6</OrderAddress>
		<Price>21.3500</Price>
		<City>New Orleans</City>
		<Address>P.O. Box 78934</Address>
		<ProductName>Chef Anton&#39;s Gumbo Mix</ProductName>
	</ROW>

	<ROW>
		<ProductID>21</ProductID>
		<SupplierName>Specialty Biscuits, Ltd.</SupplierName>
		<Quantity>24 pkgs. x 4 pieces</Quantity>
		<Freight>3.2500</Freight>
		<OrderDate>1996-07-18 00:00:00</OrderDate>
		<OrderAddress>Sierras de Granada 9993</OrderAddress>
		<Price>10.0000</Price>
		<City>Manchester</City>
		<Address>29 King&#39;s Way</Address>
		<ProductName>Sir Rodney&#39;s Scones</ProductName>
	</ROW>

	<ROW>
		<ProductID>37</ProductID>
		<SupplierName>Svensk Sjfda AB</SupplierName>
		<Quantity>12 - 500 g pkgs.</Quantity>
		<Freight>3.2500</Freight>
		<OrderDate>1996-07-18 00:00:00</OrderDate>
		<OrderAddress>Sierras de Granada 9993</OrderAddress>
		<Price>26.0000</Price>
		<City>Stockholm</City>
		<Address>Brovallavgen 231</Address>
		<ProductName>Gravad lax</ProductName>
	</ROW>

	<ROW>
		<ProductID>21</ProductID>
		<SupplierName>Specialty Biscuits, Ltd.</SupplierName>
		<Quantity>24 pkgs. x 4 pieces</Quantity>
		<Freight>3.0500</Freight>
		<OrderDate>1996-07-19 00:00:00</OrderDate>
		<OrderAddress>Rua da Panificadora, 12</OrderAddress>
		<Price>10.0000</Price>
		<City>Manchester</City>
		<Address>29 King&#39;s Way</Address>
		<ProductName>Sir Rodney&#39;s Scones</ProductName>
	</ROW>

	<ROW>
		<ProductID>62</ProductID>
		<SupplierName>Forts d&#39;rables</SupplierName>
		<Quantity>48 pies</Quantity>
		<Freight>55.0900</Freight>
		<OrderDate>1996-07-19 00:00:00</OrderDate>
		<OrderAddress>Mehrheimerstr. 369</OrderAddress>
		<Price>49.3000</Price>
		<City>Ste-Hyacinthe</City>
		<Address>148 rue Chasseur</Address>
		<ProductName>Tarte au sucre</ProductName>
	</ROW>

	<ROW>
		<ProductID>57</ProductID>
		<SupplierName>Pasta Buttini s.r.l.</SupplierName>
		<Quantity>24 - 250 g pkgs.</Quantity>
		<Freight>55.0900</Freight>
		<OrderDate>1996-07-19 00:00:00</OrderDate>
		<OrderAddress>Mehrheimerstr. 369</OrderAddress>
		<Price>19.5000</Price>
		<City>Salerno</City>
		<Address>Via dei Gelsomini, 153</Address>
		<ProductName>Ravioli Angelo</ProductName>
	</ROW>

	<ROW>
		<ProductID>35</ProductID>
		<SupplierName>Bigfoot Breweries</SupplierName>
		<Quantity>24 - 12 oz bottles</Quantity>
		<Freight>3.0500</Freight>
		<OrderDate>1996-07-19 00:00:00</OrderDate>
		<OrderAddress>Rua da Panificadora, 12</OrderAddress>
		<Price>18.0000</Price>
		<City>Bend</City>
		<Address>3400 - 8th Avenue
Suite 210</Address>
		<ProductName>Steeleye Stout</ProductName>
	</ROW>

	<ROW>
		<ProductID>41</ProductID>
		<SupplierName>New England Seafood Cannery</SupplierName>
		<Quantity>12 - 12 oz cans</Quantity>
		<Freight>55.0900</Freight>
		<OrderDate>1996-07-19 00:00:00</OrderDate>
		<OrderAddress>Mehrheimerstr. 369</OrderAddress>
		<Price>9.6500</Price>
		<City>Boston</City>
		<Address>Order Processing Dept.
2100 Paul Revere Blvd.</Address>
		<ProductName>Jack&#39;s New England Clam Chowder</ProductName>
	</ROW>

	<ROW>
		<ProductID>70</ProductID>
		<SupplierName>Pavlova, Ltd.</SupplierName>
		<Quantity>24 - 355 ml bottles</Quantity>
		<Freight>55.0900</Freight>
		<OrderDate>1996-07-19 00:00:00</OrderDate>
		<OrderAddress>Mehrheimerstr. 369</OrderAddress>
		<Price>15.0000</Price>
		<City>Melbourne</City>
		<Address>74 Rose St.
Moonie Ponds</Address>
		<ProductName>Outback Lager</ProductName>
	</ROW>

	<ROW>
		<ProductID>7</ProductID>
		<SupplierName>Grandma Kelly&#39;s Homestead</SupplierName>
		<Quantity>12 - 1 lb pkgs.</Quantity>
		<Freight>48.2900</Freight>
		<OrderDate>1996-07-22 00:00:00</OrderDate>
		<OrderAddress>2817 Milton Dr.</OrderAddress>
		<Price>30.0000</Price>
		<City>Ann Arbor</City>
		<Address>707 Oxford Rd.</Address>
		<ProductName>Uncle Bob&#39;s Organic Dried Pears</ProductName>
	</ROW>

	<ROW>
		<ProductID>56</ProductID>
		<SupplierName>Pasta Buttini s.r.l.</SupplierName>
		<Quantity>24 - 250 g pkgs.</Quantity>
		<Freight>48.2900</Freight>
		<OrderDate>1996-07-22 00:00:00</OrderDate>
		<OrderAddress>2817 Milton Dr.</OrderAddress>
		<Price>38.0000</Price>
		<City>Salerno</City>
		<Address>Via dei Gelsomini, 153</Address>
		<ProductName>Gnocchi di nonna Alice</ProductName>
	</ROW>

	<ROW>
		<ProductID>5</ProductID>
		<SupplierName>New Orleans Cajun Delights</SupplierName>
		<Quantity>36 boxes</Quantity>
		<Freight>48.2900</Freight>
		<OrderDate>1996-07-22 00:00:00</OrderDate>
		<OrderAddress>2817 Milton Dr.</OrderAddress>
		<Price>21.3500</Price>
		<City>New Orleans</City>
		<Address>P.O. Box 78934</Address>
		<ProductName>Chef Anton&#39;s Gumbo Mix</ProductName>
	</ROW>

	<ROW>
		<ProductID>74</ProductID>
		<SupplierName>Tokyo Traders</SupplierName>
		<Quantity>5 kg pkg.</Quantity>
		<Freight>146.0600</Freight>
		<OrderDate>1996-07-23 00:00:00</OrderDate>
		<OrderAddress>Kirchgasse 6</OrderAddress>
		<Price>10.0000</Price>
		<City>Tokyo</City>
		<Address>9-8 Sekimai
Musashino-shi</Address>
		<ProductName>Longlife Tofu</ProductName>
	</ROW>

	<ROW>
		<ProductID>30</ProductID>
		<SupplierName>Nord-Ost-Fisch Handelsgesellschaft mbH</SupplierName>
		<Quantity>10 - 200 g glasses</Quantity>
		<Freight>146.0600</Freight>
		<OrderDate>1996-07-23 00:00:00</OrderDate>
		<OrderAddress>Kirchgasse 6</OrderAddress>
		<Price>25.8900</Price>
		<City>Cuxhaven</City>
		<Address>Frahmredder 112a</Address>
		<ProductName>Nord-Ost Matjeshering</ProductName>
	</ROW>

	<ROW>
		<ProductID>24</ProductID>
		<SupplierName>Refrescos Americanas LTDA</SupplierName>
		<Quantity>12 - 355 ml cans</Quantity>
		<Freight>146.0600</Freight>
		<OrderDate>1996-07-23 00:00:00</OrderDate>
		<OrderAddress>Kirchgasse 6</OrderAddress>
		<Price>4.5000</Price>
		<City>So Paulo</City>
		<Address>Av. das Americanas 12.890</Address>
		<ProductName>Guaran Fantstica</ProductName>
	</ROW>

	<ROW>
		<ProductID>16</ProductID>
		<SupplierName>Pavlova, Ltd.</SupplierName>
		<Quantity>32 - 500 g boxes</Quantity>
		<Freight>146.0600</Freight>
		<OrderDate>1996-07-23 00:00:00</OrderDate>
		<OrderAddress>Kirchgasse 6</OrderAddress>
		<Price>17.4500</Price>
		<City>Melbourne</City>
		<Address>74 Rose St.
Moonie Ponds</Address>
		<ProductName>Pavlova</ProductName>
	</ROW>

	<ROW>
		<ProductID>2</ProductID>
		<SupplierName>Exotic Liquids</SupplierName>
		<Quantity>24 - 12 oz bottles</Quantity>
		<Freight>3.6700</Freight>
		<OrderDate>1996-07-24 00:00:00</OrderDate>
		<OrderAddress>kergatan 24</OrderAddress>
		<Price>19.0000</Price>
		<City>London</City>
		<Address>49 Gilbert St.</Address>
		<ProductName>Chang</ProductName>
	</ROW>

	<ROW>
		<ProductID>41</ProductID>
		<SupplierName>New England Seafood Cannery</SupplierName>
		<Quantity>12 - 12 oz cans</Quantity>
		<Freight>3.6700</Freight>
		<OrderDate>1996-07-24 00:00:00</OrderDate>
		<OrderAddress>kergatan 24</OrderAddress>
		<Price>9.6500</Price>
		<City>Boston</City>
		<Address>Order Processing Dept.
2100 Paul Revere Blvd.</Address>
		<ProductName>Jack&#39;s New England Clam Chowder</ProductName>
	</ROW>

	<ROW>
		<ProductID>70</ProductID>
		<SupplierName>Pavlova, Ltd.</SupplierName>
		<Quantity>24 - 355 ml bottles</Quantity>
		<Freight>55.2800</Freight>
		<OrderDate>1996-07-25 00:00:00</OrderDate>
		<OrderAddress>24, place Klber</OrderAddress>
		<Price>15.0000</Price>
		<City>Melbourne</City>
		<Address>74 Rose St.
Moonie Ponds</Address>
		<ProductName>Outback Lager</ProductName>
	</ROW>

	<ROW>
		<ProductID>17</ProductID>
		<SupplierName>Pavlova, Ltd.</SupplierName>
		<Quantity>20 - 1 kg tins</Quantity>
		<Freight>55.2800</Freight>
		<OrderDate>1996-07-25 00:00:00</OrderDate>
		<OrderAddress>24, place Klber</OrderAddress>
		<Price>39.0000</Price>
		<City>Melbourne</City>
		<Address>74 Rose St.
Moonie Ponds</Address>
		<ProductName>Alice Mutton</ProductName>
	</ROW>

	<ROW>
		<ProductID>12</ProductID>
		<SupplierName>Cooperativa de Quesos &#39;Las Cabras&#39;</SupplierName>
		<Quantity>10 - 500 g pkgs.</Quantity>
		<Freight>25.7300</Freight>
		<OrderDate>1996-07-26 00:00:00</OrderDate>
		<OrderAddress>Torikatu 38</OrderAddress>
		<Price>38.0000</Price>
		<City>Oviedo</City>
		<Address>Calle del Rosal 4</Address>
		<ProductName>Queso Manchego La Pastora</ProductName>
	</ROW>

	<ROW>
		<ProductID>59</ProductID>
		<SupplierName>Gai pturage</SupplierName>
		<Quantity>5 kg pkg.</Quantity>
		<Freight>208.5800</Freight>
		<OrderDate>1996-07-29 00:00:00</OrderDate>
		<OrderAddress>Berliner Platz 43</OrderAddress>
		<Price>55.0000</Price>
		<City>Annecy</City>
		<Address>Bat. B
3, rue des Alpes</Address>
		<ProductName>Raclette Courdavault</ProductName>
	</ROW>

	<ROW>
		<ProductID>76</ProductID>
		<SupplierName>Karkki Oy</SupplierName>
		<Quantity>500 ml</Quantity>
		<Freight>208.5800</Freight>
		<OrderDate>1996-07-29 00:00:00</OrderDate>
		<OrderAddress>Berliner Platz 43</OrderAddress>
		<Price>18.0000</Price>
		<City>Lappeenranta</City>
		<Address>Valtakatu 12</Address>
		<ProductName>Lakkalikri</ProductName>
	</ROW>

	<ROW>
		<ProductID>40</ProductID>
		<SupplierName>New England Seafood Cannery</SupplierName>
		<Quantity>24 - 4 oz tins</Quantity>
		<Freight>208.5800</Freight>
		<OrderDate>1996-07-29 00:00:00</OrderDate>
		<OrderAddress>Berliner Platz 43</OrderAddress>
		<Price>18.4000</Price>
		<City>Boston</City>
		<Address>Order Processing Dept.
2100 Paul Revere Blvd.</Address>
		<ProductName>Boston Crab Meat</ProductName>
	</ROW>

	<ROW>
		<ProductID>72</ProductID>
		<SupplierName>Formaggi Fortini s.r.l.</SupplierName>
		<Quantity>24 - 200 g pkgs.</Quantity>
		<Freight>66.2900</Freight>
		<OrderDate>1996-07-30 00:00:00</OrderDate>
		<OrderAddress>5 Ave. Los Palos Grandes</OrderAddress>
		<Price>34.8000</Price>
		<City>Ravenna</City>
		<Address>Viale Dante, 75</Address>
		<ProductName>Mozzarella di Giovanni</ProductName>
	</ROW>

	<ROW>
		<ProductID>29</ProductID>
		<SupplierName>Plutzer Lebensmittelgromrkte AG</SupplierName>
		<Quantity>50 bags x 30 sausgs.</Quantity>
		<Freight>66.2900</Freight>
		<OrderDate>1996-07-30 00:00:00</OrderDate>
		<OrderAddress>5 Ave. Los Palos Grandes</OrderAddress>
		<Price>123.7900</Price>
		<City>Frankfurt</City>
		<Address>Bogenallee 51</Address>
		<ProductName>Thringer Rostbratwurst</ProductName>
	</ROW>

	<ROW>
		<ProductID>72</ProductID>
		<SupplierName>Formaggi Fortini s.r.l.</SupplierName>
		<Quantity>24 - 200 g pkgs.</Quantity>
		<Freight>4.5600</Freight>
		<OrderDate>1996-07-31 00:00:00</OrderDate>
		<OrderAddress>1029 - 12th Ave. S.</OrderAddress>
		<Price>34.8000</Price>
		<City>Ravenna</City>
		<Address>Viale Dante, 75</Address>
		<ProductName>Mozzarella di Giovanni</ProductName>
	</ROW>

	<ROW>
		<ProductID>33</ProductID>
		<SupplierName>Norske Meierier</SupplierName>
		<Quantity>500 g</Quantity>
		<Freight>4.5600</Freight>
		<OrderDate>1996-07-31 00:00:00</OrderDate>
		<OrderAddress>1029 - 12th Ave. S.</OrderAddress>
		<Price>2.5000</Price>
		<City>Sandvika</City>
		<Address>Hatlevegen 5</Address>
		<ProductName>Geitost</ProductName>
	</ROW>

	<ROW>
		<ProductID>36</ProductID>
		<SupplierName>Svensk Sjfda AB</SupplierName>
		<Quantity>24 - 250 g  jars</Quantity>
		<Freight>136.5400</Freight>
		<OrderDate>1996-08-01 00:00:00</OrderDate>
		<OrderAddress>Torikatu 38</OrderAddress>
		<Price>19.0000</Price>
		<City>Stockholm</City>
		<Address>Brovallavgen 231</Address>
		<ProductName>Inlagd Sill</ProductName>
	</ROW>

	<ROW>
		<ProductID>33</ProductID>
		<SupplierName>Norske Meierier</SupplierName>
		<Quantity>500 g</Quantity>
		<Freight>4.5400</Freight>
		<OrderDate>1996-08-01 00:00:00</OrderDate>
		<OrderAddress>P.O. Box 555</OrderAddress>
		<Price>2.5000</Price>
		<City>Sandvika</City>
		<Address>Hatlevegen 5</Address>
		<ProductName>Geitost</ProductName>
	</ROW>

	<ROW>
		<ProductID>43</ProductID>
		<SupplierName>Leka Trading</SupplierName>
		<Quantity>16 - 500 g tins</Quantity>
		<Freight>136.5400</Freight>
		<OrderDate>1996-08-01 00:00:00</OrderDate>
		<OrderAddress>Torikatu 38</OrderAddress>
		<Price>46.0000</Price>
		<City>Singapore</City>
		<Address>471 Serangoon Loop, Suite #402</Address>
		<ProductName>Ipoh Coffee</ProductName>
	</ROW>

	<ROW>
		<ProductID>20</ProductID>
		<SupplierName>Specialty Biscuits, Ltd.</SupplierName>
		<Quantity>30 gift boxes</Quantity>
		<Freight>98.0300</Freight>
		<OrderDate>1996-08-02 00:00:00</OrderDate>
		<OrderAddress>2817 Milton Dr.</OrderAddress>
		<Price>81.0000</Price>
		<City>Manchester</City>
		<Address>29 King&#39;s Way</Address>
		<ProductName>Sir Rodney&#39;s Marmalade</ProductName>
	</ROW>

	<ROW>
		<ProductID>72</ProductID>
		<SupplierName>Formaggi Fortini s.r.l.</SupplierName>
		<Quantity>24 - 200 g pkgs.</Quantity>
		<Freight>98.0300</Freight>
		<OrderDate>1996-08-02 00:00:00</OrderDate>
		<OrderAddress>2817 Milton Dr.</OrderAddress>
		<Price>34.8000</Price>
		<City>Ravenna</City>
		<Address>Viale Dante, 75</Address>
		<ProductName>Mozzarella di Giovanni</ProductName>
	</ROW>

	<ROW>
		<ProductID>31</ProductID>
		<SupplierName>Formaggi Fortini s.r.l.</SupplierName>
		<Quantity>12 - 100 g pkgs</Quantity>
		<Freight>98.0300</Freight>
		<OrderDate>1996-08-02 00:00:00</OrderDate>
		<OrderAddress>2817 Milton Dr.</OrderAddress>
		<Price>12.5000</Price>
		<City>Ravenna</City>
		<Address>Viale Dante, 75</Address>
		<ProductName>Gorgonzola Telino</ProductName>
	</ROW>

	<ROW>
		<ProductID>76</ProductID>
		<SupplierName>Karkki Oy</SupplierName>
		<Quantity>500 ml</Quantity>
		<Freight>76.0700</Freight>
		<OrderDate>1996-08-05 00:00:00</OrderDate>
		<OrderAddress>Taucherstrae 10</OrderAddress>
		<Price>18.0000</Price>
		<City>Lappeenranta</City>
		<Address>Valtakatu 12</Address>
		<ProductName>Lakkalikri</ProductName>
	</ROW>

	<ROW>
		<ProductID>10</ProductID>
		<SupplierName>Tokyo Traders</SupplierName>
		<Quantity>12 - 200 ml jars</Quantity>
		<Freight>76.0700</Freight>
		<OrderDate>1996-08-05 00:00:00</OrderDate>
		<OrderAddress>Taucherstrae 10</OrderAddress>
		<Price>31.0000</Price>
		<City>Tokyo</City>
		<Address>9-8 Sekimai
Musashino-shi</Address>
		<ProductName>Ikura</ProductName>
	</ROW>

	<ROW>
		<ProductID>33</ProductID>
		<SupplierName>Norske Meierier</SupplierName>
		<Quantity>500 g</Quantity>
		<Freight>76.0700</Freight>
		<OrderDate>1996-08-05 00:00:00</OrderDate>
		<OrderAddress>Taucherstrae 10</OrderAddress>
		<Price>2.5000</Price>
		<City>Sandvika</City>
		<Address>Hatlevegen 5</Address>
		<ProductName>Geitost</ProductName>
	</ROW>

	<ROW>
		<ProductID>31</ProductID>
		<SupplierName>Formaggi Fortini s.r.l.</SupplierName>
		<Quantity>12 - 100 g pkgs</Quantity>
		<Freight>76.0700</Freight>
		<OrderDate>1996-08-05 00:00:00</OrderDate>
		<OrderAddress>Taucherstrae 10</OrderAddress>
		<Price>12.5000</Price>
		<City>Ravenna</City>
		<Address>Viale Dante, 75</Address>
		<ProductName>Gorgonzola Telino</ProductName>
	</ROW>

	<ROW>
		<ProductID>40</ProductID>
		<SupplierName>New England Seafood Cannery</SupplierName>
		<Quantity>24 - 4 oz tins</Quantity>
		<Freight>76.0700</Freight>
		<OrderDate>1996-08-05 00:00:00</OrderDate>
		<OrderAddress>Taucherstrae 10</OrderAddress>
		<Price>18.4000</Price>
		<City>Boston</City>
		<Address>Order Processing Dept.
2100 Paul Revere Blvd.</Address>
		<ProductName>Boston Crab Meat</ProductName>
	</ROW>

	<ROW>
		<ProductID>71</ProductID>
		<SupplierName>Norske Meierier</SupplierName>
		<Quantity>10 - 500 g pkgs.</Quantity>
		<Freight>6.0100</Freight>
		<OrderDate>1996-08-06 00:00:00</OrderDate>
		<OrderAddress>59 rue de l-Abbaye</OrderAddress>
		<Price>21.5000</Price>
		<City>Sandvika</City>
		<Address>Hatlevegen 5</Address>
		<ProductName>Flotemysost</ProductName>
	</ROW>

	<ROW>
		<ProductID>72</ProductID>
		<SupplierName>Formaggi Fortini s.r.l.</SupplierName>
		<Quantity>24 - 200 g pkgs.</Quantity>
		<Freight>6.0100</Freight>
		<OrderDate>1996-08-06 00:00:00</OrderDate>
		<OrderAddress>59 rue de l-Abbaye</OrderAddress>
		<Price>34.8000</Price>
		<City>Ravenna</City>
		<Address>Viale Dante, 75</Address>
		<ProductName>Mozzarella di Giovanni</ProductName>
	</ROW>

	<ROW>
		<ProductID>24</ProductID>
		<SupplierName>Refrescos Americanas LTDA</SupplierName>
		<Quantity>12 - 355 ml cans</Quantity>
		<Freight>26.9300</Freight>
		<OrderDate>1996-08-07 00:00:00</OrderDate>
		<OrderAddress>Via Ludovico il Moro 22</OrderAddress>
		<Price>4.5000</Price>
		<City>So Paulo</City>
		<Address>Av. das Americanas 12.890</Address>
		<ProductName>Guaran Fantstica</ProductName>
	</ROW>

	<ROW>
		<ProductID>59</ProductID>
		<SupplierName>Gai pturage</SupplierName>
		<Quantity>5 kg pkg.</Quantity>
		<Freight>26.9300</Freight>
		<OrderDate>1996-08-07 00:00:00</OrderDate>
		<OrderAddress>Via Ludovico il Moro 22</OrderAddress>
		<Price>55.0000</Price>
		<City>Annecy</City>
		<Address>Bat. B
3, rue des Alpes</Address>
		<ProductName>Raclette Courdavault</ProductName>
	</ROW>

	<ROW>
		<ProductID>10</ProductID>
		<SupplierName>Tokyo Traders</SupplierName>
		<Quantity>12 - 200 ml jars</Quantity>
		<Freight>13.8400</Freight>
		<OrderDate>1996-08-08 00:00:00</OrderDate>
		<OrderAddress>Avda. Azteca 123</OrderAddress>
		<Price>31.0000</Price>
		<City>Tokyo</City>
		<Address>9-8 Sekimai
Musashino-shi</Address>
		<ProductName>Ikura</ProductName>
	</ROW>

	<ROW>
		<ProductID>13</ProductID>
		<SupplierName>Mayumi&#39;s</SupplierName>
		<Quantity>2 kg box</Quantity>
		<Freight>13.8400</Freight>
		<OrderDate>1996-08-08 00:00:00</OrderDate>
		<OrderAddress>Avda. Azteca 123</OrderAddress>
		<Price>6.0000</Price>
		<City>Osaka</City>
		<Address>92 Setsuko
Chuo-ku</Address>
		<ProductName>Konbu</ProductName>
	</ROW>

	<ROW>
		<ProductID>62</ProductID>
		<SupplierName>Forts d&#39;rables</SupplierName>
		<Quantity>48 pies</Quantity>
		<Freight>125.7700</Freight>
		<OrderDate>1996-08-09 00:00:00</OrderDate>
		<OrderAddress>Heerstr. 22</OrderAddress>
		<Price>49.3000</Price>
		<City>Ste-Hyacinthe</City>
		<Address>148 rue Chasseur</Address>
		<ProductName>Tarte au sucre</ProductName>
	</ROW>

	<ROW>
		<ProductID>28</ProductID>
		<SupplierName>Plutzer Lebensmittelgromrkte AG</SupplierName>
		<Quantity>25 - 825 g cans</Quantity>
		<Freight>125.7700</Freight>
		<OrderDate>1996-08-09 00:00:00</OrderDate>
		<OrderAddress>Heerstr. 22</OrderAddress>
		<Price>45.6000</Price>
		<City>Frankfurt</City>
		<Address>Bogenallee 51</Address>
		<ProductName>Rssle Sauerkraut</ProductName>
	</ROW>

	<ROW>
		<ProductID>73</ProductID>
		<SupplierName>Svensk Sjfda AB</SupplierName>
		<Quantity>24 - 150 g jars</Quantity>
		<Freight>92.6900</Freight>
		<OrderDate>1996-08-12 00:00:00</OrderDate>
		<OrderAddress>Berguvsvgen 8</OrderAddress>
		<Price>15.0000</Price>
		<City>Stockholm</City>
		<Address>Brovallavgen 231</Address>
		<ProductName>Rd Kaviar</ProductName>
	</ROW>

	<ROW>
		<ProductID>44</ProductID>
		<SupplierName>Leka Trading</SupplierName>
		<Quantity>20 - 2 kg bags</Quantity>
		<Freight>92.6900</Freight>
		<OrderDate>1996-08-12 00:00:00</OrderDate>
		<OrderAddress>Berguvsvgen 8</OrderAddress>
		<Price>19.4500</Price>
		<City>Singapore</City>
		<Address>471 Serangoon Loop, Suite #402</Address>
		<ProductName>Gula Malacca</ProductName>
	</ROW>

	<ROW>
		<ProductID>63</ProductID>
		<SupplierName>Pavlova, Ltd.</SupplierName>
		<Quantity>15 - 625 g jars</Quantity>
		<Freight>92.6900</Freight>
		<OrderDate>1996-08-12 00:00:00</OrderDate>
		<OrderAddress>Berguvsvgen 8</OrderAddress>
		<Price>43.9000</Price>
		<City>Melbourne</City>
		<Address>74 Rose St.
Moonie Ponds</Address>
		<ProductName>Vegie-spread</ProductName>
	</ROW>

	<ROW>
		<ProductID>59</ProductID>
		<SupplierName>Gai pturage</SupplierName>
		<Quantity>5 kg pkg.</Quantity>
		<Freight>92.6900</Freight>
		<OrderDate>1996-08-12 00:00:00</OrderDate>
		<OrderAddress>Berguvsvgen 8</OrderAddress>
		<Price>55.0000</Price>
		<City>Annecy</City>
		<Address>Bat. B
3, rue des Alpes</Address>
		<ProductName>Raclette Courdavault</ProductName>
	</ROW>

	<ROW>
		<ProductID>17</ProductID>
		<SupplierName>Pavlova, Ltd.</SupplierName>
		<Quantity>20 - 1 kg tins</Quantity>
		<Freight>25.8300</Freight>
		<OrderDate>1996-08-13 00:00:00</OrderDate>
		<OrderAddress>Magazinweg 7</OrderAddress>
		<Price>39.0000</Price>
		<City>Melbourne</City>
		<Address>74 Rose St.
Moonie Ponds</Address>
		<ProductName>Alice Mutton</ProductName>
	</ROW>

	<ROW>
		<ProductID>75</ProductID>
		<SupplierName>Plutzer Lebensmittelgromrkte AG</SupplierName>
		<Quantity>24 - 0.5 l bottles</Quantity>
		<Freight>8.9800</Freight>
		<OrderDate>1996-08-14 00:00:00</OrderDate>
		<OrderAddress>Berguvsvgen 8</OrderAddress>
		<Price>7.7500</Price>
		<City>Frankfurt</City>
		<Address>Bogenallee 51</Address>
		<ProductName>Rhnbru Klosterbier</ProductName>
	</ROW>

	<ROW>
		<ProductID>35</ProductID>
		<SupplierName>Bigfoot Breweries</SupplierName>
		<Quantity>24 - 12 oz bottles</Quantity>
		<Freight>2.9400</Freight>
		<OrderDate>1996-08-14 00:00:00</OrderDate>
		<OrderAddress>Gran Va, 1</OrderAddress>
		<Price>18.0000</Price>
		<City>Bend</City>
		<Address>3400 - 8th Avenue
Suite 210</Address>
		<ProductName>Steeleye Stout</ProductName>
	</ROW>

	<ROW>
		<ProductID>24</ProductID>
		<SupplierName>Refrescos Americanas LTDA</SupplierName>
		<Quantity>12 - 355 ml cans</Quantity>
		<Freight>2.9400</Freight>
		<OrderDate>1996-08-14 00:00:00</OrderDate>
		<OrderAddress>Gran Va, 1</OrderAddress>
		<Price>4.5000</Price>
		<City>So Paulo</City>
		<Address>Av. das Americanas 12.890</Address>
		<ProductName>Guaran Fantstica</ProductName>
	</ROW>

	<ROW>
		<ProductID>24</ProductID>
		<SupplierName>Refrescos Americanas LTDA</SupplierName>
		<Quantity>12 - 355 ml cans</Quantity>
		<Freight>8.9800</Freight>
		<OrderDate>1996-08-14 00:00:00</OrderDate>
		<OrderAddress>Berguvsvgen 8</OrderAddress>
		<Price>4.5000</Price>
		<City>So Paulo</City>
		<Address>Av. das Americanas 12.890</Address>
		<ProductName>Guaran Fantstica</ProductName>
	</ROW>

	<ROW>
		<ProductID>55</ProductID>
		<SupplierName>Ma Maison</SupplierName>
		<Quantity>24 boxes x 2 pies</Quantity>
		<Freight>8.9800</Freight>
		<OrderDate>1996-08-14 00:00:00</OrderDate>
		<OrderAddress>Berguvsvgen 8</OrderAddress>
		<Price>24.0000</Price>
		<City>Montral</City>
		<Address>2960 Rue St. Laurent</Address>
		<ProductName>Pt chinois</ProductName>
	</ROW>

	<ROW>
		<ProductID>19</ProductID>
		<SupplierName>Specialty Biscuits, Ltd.</SupplierName>
		<Quantity>10 boxes x 12 pieces</Quantity>
		<Freight>2.9400</Freight>
		<OrderDate>1996-08-14 00:00:00</OrderDate>
		<OrderAddress>Gran Va, 1</OrderAddress>
		<Price>9.2000</Price>
		<City>Manchester</City>
		<Address>29 King&#39;s Way</Address>
		<ProductName>Teatime Chocolate Biscuits</ProductName>
	</ROW>

	<ROW>
		<ProductID>57</ProductID>
		<SupplierName>Pasta Buttini s.r.l.</SupplierName>
		<Quantity>24 - 250 g pkgs.</Quantity>
		<Freight>12.6900</Freight>
		<OrderDate>1996-08-15 00:00:00</OrderDate>
		<OrderAddress>Gran Va, 1</OrderAddress>
		<Price>19.5000</Price>
		<City>Salerno</City>
		<Address>Via dei Gelsomini, 153</Address>
		<ProductName>Ravioli Angelo</ProductName>
	</ROW>

	<ROW>
		<ProductID>30</ProductID>
		<SupplierName>Nord-Ost-Fisch Handelsgesellschaft mbH</SupplierName>
		<Quantity>10 - 200 g glasses</Quantity>
		<Freight>12.6900</Freight>
		<OrderDate>1996-08-15 00:00:00</OrderDate>
		<OrderAddress>Gran Va, 1</OrderAddress>
		<Price>25.8900</Price>
		<City>Cuxhaven</City>
		<Address>Frahmredder 112a</Address>
		<ProductName>Nord-Ost Matjeshering</ProductName>
	</ROW>

	<ROW>
		<ProductID>60</ProductID>
		<SupplierName>Gai pturage</SupplierName>
		<Quantity>15 - 300 g rounds</Quantity>
		<Freight>84.8100</Freight>
		<OrderDate>1996-08-16 00:00:00</OrderDate>
		<OrderAddress>Carrera 52 con Ave. Bolvar #65-98 Llano Largo</OrderAddress>
		<Price>34.0000</Price>
		<City>Annecy</City>
		<Address>Bat. B
3, rue des Alpes</Address>
		<ProductName>Camembert Pierrot</ProductName>
	</ROW>

	<ROW>
		<ProductID>19</ProductID>
		<SupplierName>Specialty Biscuits, Ltd.</SupplierName>
		<Quantity>10 boxes x 12 pieces</Quantity>
		<Freight>84.8100</Freight>
		<OrderDate>1996-08-16 00:00:00</OrderDate>
		<OrderAddress>Carrera 52 con Ave. Bolvar #65-98 Llano Largo</OrderAddress>
		<Price>9.2000</Price>
		<City>Manchester</City>
		<Address>29 King&#39;s Way</Address>
		<ProductName>Teatime Chocolate Biscuits</ProductName>
	</ROW>

	<ROW>
		<ProductID>15</ProductID>
		<SupplierName>Mayumi&#39;s</SupplierName>
		<Quantity>24 - 250 ml bottles</Quantity>
		<Freight>84.8100</Freight>
		<OrderDate>1996-08-16 00:00:00</OrderDate>
		<OrderAddress>Carrera 52 con Ave. Bolvar #65-98 Llano Largo</OrderAddress>
		<Price>15.5000</Price>
		<City>Osaka</City>
		<Address>92 Setsuko
Chuo-ku</Address>
		<ProductName>Genen Shouyu</ProductName>
	</ROW>

	<ROW>
		<ProductID>72</ProductID>
		<SupplierName>Formaggi Fortini s.r.l.</SupplierName>
		<Quantity>24 - 200 g pkgs.</Quantity>
		<Freight>84.8100</Freight>
		<OrderDate>1996-08-16 00:00:00</OrderDate>
		<OrderAddress>Carrera 52 con Ave. Bolvar #65-98 Llano Largo</OrderAddress>
		<Price>34.8000</Price>
		<City>Ravenna</City>
		<Address>Viale Dante, 75</Address>
		<ProductName>Mozzarella di Giovanni</ProductName>
	</ROW>

	<ROW>
		<ProductID>27</ProductID>
		<SupplierName>Heli Swaren GmbH &amp; Co. KG</SupplierName>
		<Quantity>100 - 100 g pieces</Quantity>
		<Freight>76.5600</Freight>
		<OrderDate>1996-08-19 00:00:00</OrderDate>
		<OrderAddress>Magazinweg 7</OrderAddress>
		<Price>43.9000</Price>
		<City>Berlin</City>
		<Address>Tiergartenstrae 5</Address>
		<ProductName>Schoggi Schokolade</ProductName>
	</ROW>

	<ROW>
		<ProductID>44</ProductID>
		<SupplierName>Leka Trading</SupplierName>
		<Quantity>20 - 2 kg bags</Quantity>
		<Freight>76.5600</Freight>
		<OrderDate>1996-08-19 00:00:00</OrderDate>
		<OrderAddress>Magazinweg 7</OrderAddress>
		<Price>19.4500</Price>
		<City>Singapore</City>
		<Address>471 Serangoon Loop, Suite #402</Address>
		<ProductName>Gula Malacca</ProductName>
	</ROW>

	<ROW>
		<ProductID>60</ProductID>
		<SupplierName>Gai pturage</SupplierName>
		<Quantity>15 - 300 g rounds</Quantity>
		<Freight>76.5600</Freight>
		<OrderDate>1996-08-19 00:00:00</OrderDate>
		<OrderAddress>Magazinweg 7</OrderAddress>
		<Price>34.0000</Price>
		<City>Annecy</City>
		<Address>Bat. B
3, rue des Alpes</Address>
		<ProductName>Camembert Pierrot</ProductName>
	</ROW>

	<ROW>
		<ProductID>67</ProductID>
		<SupplierName>Bigfoot Breweries</SupplierName>
		<Quantity>24 - 12 oz bottles</Quantity>
		<Freight>76.5600</Freight>
		<OrderDate>1996-08-19 00:00:00</OrderDate>
		<OrderAddress>Magazinweg 7</OrderAddress>
		<Price>14.0000</Price>
		<City>Bend</City>
		<Address>3400 - 8th Avenue
Suite 210</Address>
		<ProductName>Laughing Lumberjack Lager</ProductName>
	</ROW>

	<ROW>
		<ProductID>1</ProductID>
		<SupplierName>Exotic Liquids</SupplierName>
		<Quantity>10 boxes x 20 bags</Quantity>
		<Freight>76.8300</Freight>
		<OrderDate>1996-08-20 00:00:00</OrderDate>
		<OrderAddress>Taucherstrae 10</OrderAddress>
		<Price>18.0000</Price>
		<City>London</City>
		<Address>49 Gilbert St.</Address>
		<ProductName>Chai</ProductName>
	</ROW>

	<ROW>
		<ProductID>40</ProductID>
		<SupplierName>New England Seafood Cannery</SupplierName>
		<Quantity>24 - 4 oz tins</Quantity>
		<Freight>76.8300</Freight>
		<OrderDate>1996-08-20 00:00:00</OrderDate>
		<OrderAddress>Taucherstrae 10</OrderAddress>
		<Price>18.4000</Price>
		<City>Boston</City>
		<Address>Order Processing Dept.
2100 Paul Revere Blvd.</Address>
		<ProductName>Boston Crab Meat</ProductName>
	</ROW>

	<ROW>
		<ProductID>53</ProductID>
		<SupplierName>G&#39;day, Mate</SupplierName>
		<Quantity>48 pieces</Quantity>
		<Freight>76.8300</Freight>
		<OrderDate>1996-08-20 00:00:00</OrderDate>
		<OrderAddress>Taucherstrae 10</OrderAddress>
		<Price>32.8000</Price>
		<City>Sydney</City>
		<Address>170 Prince Edward Parade
Hunter&#39;s Hill</Address>
		<ProductName>Perth Pasties</ProductName>
	</ROW>

	<ROW>
		<ProductID>35</ProductID>
		<SupplierName>Bigfoot Breweries</SupplierName>
		<Quantity>24 - 12 oz bottles</Quantity>
		<Freight>229.2400</Freight>
		<OrderDate>1996-08-21 00:00:00</OrderDate>
		<OrderAddress>Taucherstrae 10</OrderAddress>
		<Price>18.0000</Price>
		<City>Bend</City>
		<Address>3400 - 8th Avenue
Suite 210</Address>
		<ProductName>Steeleye Stout</ProductName>
	</ROW>

	<ROW>
		<ProductID>62</ProductID>
		<SupplierName>Forts d&#39;rables</SupplierName>
		<Quantity>48 pies</Quantity>
		<Freight>229.2400</Freight>
		<OrderDate>1996-08-21 00:00:00</OrderDate>
		<OrderAddress>Taucherstrae 10</OrderAddress>
		<Price>49.3000</Price>
		<City>Ste-Hyacinthe</City>
		<Address>148 rue Chasseur</Address>
		<ProductName>Tarte au sucre</ProductName>
	</ROW>

	<ROW>
		<ProductID>34</ProductID>
		<SupplierName>Bigfoot Breweries</SupplierName>
		<Quantity>24 - 12 oz bottles</Quantity>
		<Freight>12.7600</Freight>
		<OrderDate>1996-08-22 00:00:00</OrderDate>
		<OrderAddress>Av. Copacabana, 267</OrderAddress>
		<Price>14.0000</Price>
		<City>Bend</City>
		<Address>3400 - 8th Avenue
Suite 210</Address>
		<ProductName>Sasquatch Ale</ProductName>
	</ROW>

	<ROW>
		<ProductID>46</ProductID>
		<SupplierName>Lyngbysild</SupplierName>
		<Quantity>4 - 450 g glasses</Quantity>
		<Freight>12.7600</Freight>
		<OrderDate>1996-08-22 00:00:00</OrderDate>
		<OrderAddress>Av. Copacabana, 267</OrderAddress>
		<Price>12.0000</Price>
		<City>Lyngby</City>
		<Address>Lyngbysild
Fiskebakken 10</Address>
		<ProductName>Spegesild</ProductName>
	</ROW>

	<ROW>
		<ProductID>16</ProductID>
		<SupplierName>Pavlova, Ltd.</SupplierName>
		<Quantity>32 - 500 g boxes</Quantity>
		<Freight>12.7600</Freight>
		<OrderDate>1996-08-22 00:00:00</OrderDate>
		<OrderAddress>Av. Copacabana, 267</OrderAddress>
		<Price>17.4500</Price>
		<City>Melbourne</City>
		<Address>74 Rose St.
Moonie Ponds</Address>
		<ProductName>Pavlova</ProductName>
	</ROW>

	<ROW>
		<ProductID>54</ProductID>
		<SupplierName>Ma Maison</SupplierName>
		<Quantity>16 pies</Quantity>
		<Freight>7.4500</Freight>
		<OrderDate>1996-08-23 00:00:00</OrderDate>
		<OrderAddress>Strada Provinciale 124</OrderAddress>
		<Price>7.4500</Price>
		<City>Montral</City>
		<Address>2960 Rue St. Laurent</Address>
		<ProductName>Tourtire</ProductName>
	</ROW>

	<ROW>
		<ProductID>68</ProductID>
		<SupplierName>Specialty Biscuits, Ltd.</SupplierName>
		<Quantity>10 boxes x 8 pieces</Quantity>
		<Freight>7.4500</Freight>
		<OrderDate>1996-08-23 00:00:00</OrderDate>
		<OrderAddress>Strada Provinciale 124</OrderAddress>
		<Price>12.5000</Price>
		<City>Manchester</City>
		<Address>29 King&#39;s Way</Address>
		<ProductName>Scottish Longbreads</ProductName>
	</ROW>

	<ROW>
		<ProductID>64</ProductID>
		<SupplierName>Plutzer Lebensmittelgromrkte AG</SupplierName>
		<Quantity>20 bags x 4 pieces</Quantity>
		<Freight>22.7700</Freight>
		<OrderDate>1996-08-26 00:00:00</OrderDate>
		<OrderAddress>Fauntleroy Circus</OrderAddress>
		<Price>33.2500</Price>
		<City>Frankfurt</City>
		<Address>Bogenallee 51</Address>
		<ProductName>Wimmers gute Semmelkndel</ProductName>
	</ROW>

	<ROW>
		<ProductID>3</ProductID>
		<SupplierName>Exotic Liquids</SupplierName>
		<Quantity>12 - 550 ml bottles</Quantity>
		<Freight>22.7700</Freight>
		<OrderDate>1996-08-26 00:00:00</OrderDate>
		<OrderAddress>Fauntleroy Circus</OrderAddress>
		<Price>10.0000</Price>
		<City>London</City>
		<Address>49 Gilbert St.</Address>
		<ProductName>Aniseed Syrup</ProductName>
	</ROW>

	<ROW>
		<ProductID>51</ProductID>
		<SupplierName>G&#39;day, Mate</SupplierName>
		<Quantity>50 - 300 g pkgs.</Quantity>
		<Freight>6.4000</Freight>
		<OrderDate>1996-08-27 00:00:00</OrderDate>
		<OrderAddress>Rua da Panificadora, 12</OrderAddress>
		<Price>53.0000</Price>
		<City>Sydney</City>
		<Address>170 Prince Edward Parade
Hunter&#39;s Hill</Address>
		<ProductName>Manjimup Dried Apples</ProductName>
	</ROW>

	<ROW>
		<ProductID>77</ProductID>
		<SupplierName>Plutzer Lebensmittelgromrkte AG</SupplierName>
		<Quantity>12 boxes</Quantity>
		<Freight>79.7000</Freight>
		<OrderDate>1996-08-27 00:00:00</OrderDate>
		<OrderAddress>Av. dos Lusadas, 23</OrderAddress>
		<Price>13.0000</Price>
		<City>Frankfurt</City>
		<Address>Bogenallee 51</Address>
		<ProductName>Original Frankfurter grne Soe</ProductName>
	</ROW>

	<ROW>
		<ProductID>44</ProductID>
		<SupplierName>Leka Trading</SupplierName>
		<Quantity>20 - 2 kg bags</Quantity>
		<Freight>6.4000</Freight>
		<OrderDate>1996-08-27 00:00:00</OrderDate>
		<OrderAddress>Rua da Panificadora, 12</OrderAddress>
		<Price>19.4500</Price>
		<City>Singapore</City>
		<Address>471 Serangoon Loop, Suite #402</Address>
		<ProductName>Gula Malacca</ProductName>
	</ROW>

	<ROW>
		<ProductID>13</ProductID>
		<SupplierName>Mayumi&#39;s</SupplierName>
		<Quantity>2 kg box</Quantity>
		<Freight>6.4000</Freight>
		<OrderDate>1996-08-27 00:00:00</OrderDate>
		<OrderAddress>Rua da Panificadora, 12</OrderAddress>
		<Price>6.0000</Price>
		<City>Osaka</City>
		<Address>92 Setsuko
Chuo-ku</Address>
		<ProductName>Konbu</ProductName>
	</ROW>

	<ROW>
		<ProductID>5</ProductID>
		<SupplierName>New Orleans Cajun Delights</SupplierName>
		<Quantity>36 boxes</Quantity>
		<Freight>79.7000</Freight>
		<OrderDate>1996-08-27 00:00:00</OrderDate>
		<OrderAddress>Av. dos Lusadas, 23</OrderAddress>
		<Price>21.3500</Price>
		<City>New Orleans</City>
		<Address>P.O. Box 78934</Address>
		<ProductName>Chef Anton&#39;s Gumbo Mix</ProductName>
	</ROW>

	<ROW>
		<ProductID>29</ProductID>
		<SupplierName>Plutzer Lebensmittelgromrkte AG</SupplierName>
		<Quantity>50 bags x 30 sausgs.</Quantity>
		<Freight>79.7000</Freight>
		<OrderDate>1996-08-27 00:00:00</OrderDate>
		<OrderAddress>Av. dos Lusadas, 23</OrderAddress>
		<Price>123.7900</Price>
		<City>Frankfurt</City>
		<Address>Bogenallee 51</Address>
		<ProductName>Thringer Rostbratwurst</ProductName>
	</ROW>

	<ROW>
		<ProductID>49</ProductID>
		<SupplierName>Karkki Oy</SupplierName>
		<Quantity>24 - 50 g pkgs.</Quantity>
		<Freight>79.7000</Freight>
		<OrderDate>1996-08-27 00:00:00</OrderDate>
		<OrderAddress>Av. dos Lusadas, 23</OrderAddress>
		<Price>20.0000</Price>
		<City>Lappeenranta</City>
		<Address>Valtakatu 12</Address>
		<ProductName>Maxilaku</ProductName>
	</ROW>

	<ROW>
		<ProductID>20</ProductID>
		<SupplierName>Specialty Biscuits, Ltd.</SupplierName>
		<Quantity>30 gift boxes</Quantity>
		<Freight>1.3500</Freight>
		<OrderDate>1996-08-28 00:00:00</OrderDate>
		<OrderAddress>Av. Ins de Castro, 414</OrderAddress>
		<Price>81.0000</Price>
		<City>Manchester</City>
		<Address>29 King&#39;s Way</Address>
		<ProductName>Sir Rodney&#39;s Marmalade</ProductName>
	</ROW>

	<ROW>
		<ProductID>18</ProductID>
		<SupplierName>Pavlova, Ltd.</SupplierName>
		<Quantity>16 kg pkg.</Quantity>
		<Freight>21.1800</Freight>
		<OrderDate>1996-08-29 00:00:00</OrderDate>
		<OrderAddress>Avda. Azteca 123</OrderAddress>
		<Price>62.5000</Price>
		<City>Melbourne</City>
		<Address>74 Rose St.
Moonie Ponds</Address>
		<ProductName>Carnarvon Tigers</ProductName>
	</ROW>

	<ROW>
		<ProductID>24</ProductID>
		<SupplierName>Refrescos Americanas LTDA</SupplierName>
		<Quantity>12 - 355 ml cans</Quantity>
		<Freight>21.1800</Freight>
		<OrderDate>1996-08-29 00:00:00</OrderDate>
		<OrderAddress>Avda. Azteca 123</OrderAddress>
		<Price>4.5000</Price>
		<City>So Paulo</City>
		<Address>Av. das Americanas 12.890</Address>
		<ProductName>Guaran Fantstica</ProductName>
	</ROW>

	<ROW>
		<ProductID>63</ProductID>
		<SupplierName>Pavlova, Ltd.</SupplierName>
		<Quantity>15 - 625 g jars</Quantity>
		<Freight>21.1800</Freight>
		<OrderDate>1996-08-29 00:00:00</OrderDate>
		<OrderAddress>Avda. Azteca 123</OrderAddress>
		<Price>43.9000</Price>
		<City>Melbourne</City>
		<Address>74 Rose St.
Moonie Ponds</Address>
		<ProductName>Vegie-spread</ProductName>
	</ROW>

	<ROW>
		<ProductID>75</ProductID>
		<SupplierName>Plutzer Lebensmittelgromrkte AG</SupplierName>
		<Quantity>24 - 0.5 l bottles</Quantity>
		<Freight>21.1800</Freight>
		<OrderDate>1996-08-29 00:00:00</OrderDate>
		<OrderAddress>Avda. Azteca 123</OrderAddress>
		<Price>7.7500</Price>
		<City>Frankfurt</City>
		<Address>Bogenallee 51</Address>
		<ProductName>Rhnbru Klosterbier</ProductName>
	</ROW>

	<ROW>
		<ProductID>1</ProductID>
		<SupplierName>Exotic Liquids</SupplierName>
		<Quantity>10 boxes x 20 bags</Quantity>
		<Freight>147.2600</Freight>
		<OrderDate>1996-08-30 00:00:00</OrderDate>
		<OrderAddress>2817 Milton Dr.</OrderAddress>
		<Price>18.0000</Price>
		<City>London</City>
		<Address>49 Gilbert St.</Address>
		<ProductName>Chai</ProductName>
	</ROW>

	<ROW>
		<ProductID>60</ProductID>
		<SupplierName>Gai pturage</SupplierName>
		<Quantity>15 - 300 g rounds</Quantity>
		<Freight>147.2600</Freight>
		<OrderDate>1996-08-30 00:00:00</OrderDate>
		<OrderAddress>2817 Milton Dr.</OrderAddress>
		<Price>34.0000</Price>
		<City>Annecy</City>
		<Address>Bat. B
3, rue des Alpes</Address>
		<ProductName>Camembert Pierrot</ProductName>
	</ROW>

	<ROW>
		<ProductID>17</ProductID>
		<SupplierName>Pavlova, Ltd.</SupplierName>
		<Quantity>20 - 1 kg tins</Quantity>
		<Freight>147.2600</Freight>
		<OrderDate>1996-08-30 00:00:00</OrderDate>
		<OrderAddress>2817 Milton Dr.</OrderAddress>
		<Price>39.0000</Price>
		<City>Melbourne</City>
		<Address>74 Rose St.
Moonie Ponds</Address>
		<ProductName>Alice Mutton</ProductName>
	</ROW>

	<ROW>
		<ProductID>75</ProductID>
		<SupplierName>Plutzer Lebensmittelgromrkte AG</SupplierName>
		<Quantity>24 - 0.5 l bottles</Quantity>
		<Freight>147.2600</Freight>
		<OrderDate>1996-08-30 00:00:00</OrderDate>
		<OrderAddress>2817 Milton Dr.</OrderAddress>
		<Price>7.7500</Price>
		<City>Frankfurt</City>
		<Address>Bogenallee 51</Address>
		<ProductName>Rhnbru Klosterbier</ProductName>
	</ROW>

	<ROW>
		<ProductID>43</ProductID>
		<SupplierName>Leka Trading</SupplierName>
		<Quantity>16 - 500 g tins</Quantity>
		<Freight>147.2600</Freight>
		<OrderDate>1996-08-30 00:00:00</OrderDate>
		<OrderAddress>2817 Milton Dr.</OrderAddress>
		<Price>46.0000</Price>
		<City>Singapore</City>
		<Address>471 Serangoon Loop, Suite #402</Address>
		<ProductName>Ipoh Coffee</ProductName>
	</ROW>

	<ROW>
		<ProductID>56</ProductID>
		<SupplierName>Pasta Buttini s.r.l.</SupplierName>
		<Quantity>24 - 250 g pkgs.</Quantity>
		<Freight>1.1500</Freight>
		<OrderDate>1996-09-02 00:00:00</OrderDate>
		<OrderAddress>59 rue de l-Abbaye</OrderAddress>
		<Price>38.0000</Price>
		<City>Salerno</City>
		<Address>Via dei Gelsomini, 153</Address>
		<ProductName>Gnocchi di nonna Alice</ProductName>
	</ROW>

	<ROW>
		<ProductID>16</ProductID>
		<SupplierName>Pavlova, Ltd.</SupplierName>
		<Quantity>32 - 500 g boxes</Quantity>
		<Freight>0.1200</Freight>
		<OrderDate>1996-09-03 00:00:00</OrderDate>
		<OrderAddress>Carrera 52 con Ave. Bolvar #65-98 Llano Largo</OrderAddress>
		<Price>17.4500</Price>
		<City>Melbourne</City>
		<Address>74 Rose St.
Moonie Ponds</Address>
		<ProductName>Pavlova</ProductName>
	</ROW>

	<ROW>
		<ProductID>69</ProductID>
		<SupplierName>Norske Meierier</SupplierName>
		<Quantity>10 kg pkg.</Quantity>
		<Freight>0.1200</Freight>
		<OrderDate>1996-09-03 00:00:00</OrderDate>
		<OrderAddress>Carrera 52 con Ave. Bolvar #65-98 Llano Largo</OrderAddress>
		<Price>36.0000</Price>
		<City>Sandvika</City>
		<Address>Hatlevegen 5</Address>
		<ProductName>Gudbrandsdalsost</ProductName>
	</ROW>

	<ROW>
		<ProductID>11</ProductID>
		<SupplierName>Cooperativa de Quesos &#39;Las Cabras&#39;</SupplierName>
		<Quantity>1 kg pkg.</Quantity>
		<Freight>0.1200</Freight>
		<OrderDate>1996-09-03 00:00:00</OrderDate>
		<OrderAddress>Carrera 52 con Ave. Bolvar #65-98 Llano Largo</OrderAddress>
		<Price>21.0000</Price>
		<City>Oviedo</City>
		<Address>Calle del Rosal 4</Address>
		<ProductName>Queso Cabrales</ProductName>
	</ROW>

	<ROW>
		<ProductID>39</ProductID>
		<SupplierName>Aux joyeux ecclsiastiques</SupplierName>
		<Quantity>750 cc per bottle</Quantity>
		<Freight>5.7400</Freight>
		<OrderDate>1996-09-04 00:00:00</OrderDate>
		<OrderAddress>24, place Klber</OrderAddress>
		<Price>18.0000</Price>
		<City>Paris</City>
		<Address>203, Rue des Francs-Bourgeois</Address>
		<ProductName>Chartreuse verte</ProductName>
	</ROW>

	<ROW>
		<ProductID>72</ProductID>
		<SupplierName>Formaggi Fortini s.r.l.</SupplierName>
		<Quantity>24 - 200 g pkgs.</Quantity>
		<Freight>5.7400</Freight>
		<OrderDate>1996-09-04 00:00:00</OrderDate>
		<OrderAddress>24, place Klber</OrderAddress>
		<Price>34.8000</Price>
		<City>Ravenna</City>
		<Address>Viale Dante, 75</Address>
		<ProductName>Mozzarella di Giovanni</ProductName>
	</ROW>

	<ROW>
		<ProductID>2</ProductID>
		<SupplierName>Exotic Liquids</SupplierName>
		<Quantity>24 - 12 oz bottles</Quantity>
		<Freight>168.2200</Freight>
		<OrderDate>1996-09-05 00:00:00</OrderDate>
		<OrderAddress>8 Johnstown Road</OrderAddress>
		<Price>19.0000</Price>
		<City>London</City>
		<Address>49 Gilbert St.</Address>
		<ProductName>Chang</ProductName>
	</ROW>

	<ROW>
		<ProductID>36</ProductID>
		<SupplierName>Svensk Sjfda AB</SupplierName>
		<Quantity>24 - 250 g  jars</Quantity>
		<Freight>168.2200</Freight>
		<OrderDate>1996-09-05 00:00:00</OrderDate>
		<OrderAddress>8 Johnstown Road</OrderAddress>
		<Price>19.0000</Price>
		<City>Stockholm</City>
		<Address>Brovallavgen 231</Address>
		<ProductName>Inlagd Sill</ProductName>
	</ROW>
</DATA>
